ID,Yield
ID_F9XXEXN2ADR2,1077.4
ID_SO3VW2X4QO93,412.0
ID_UKUQ7JM8E894,1015.0
ID_QUISMWEZR2H4,264.8
ID_25JGI455VKCZ,1135.2
ID_KQEAOXF3RPV6,290.6
ID_FSNZCPW9HTD2,2248.5
ID_U2TOPOA0T40S,336.4
ID_XVQLSUKOT04J,1122.0
ID_EAZAU6IW58PK,166.0
ID_WI17R25TC2VU,613.8
ID_OPR9MJWG40U7,1574.0
ID_P9K9GAHC6FX6,1192.0
ID_SCAOUCCTJ75Z,69.4
ID_MUP1OS8GZR5E,2576.0
ID_WVBSZ9VBC9HE,642.0
ID_9MGH1WIKFBNB,353.5
ID_3M2O3EPOM18C,1813.0
ID_K9MOR4N1FWIB,591.6
ID_VJPUPMSQARO5,1329.2
ID_7WIMK3DXIU3Q,1364.0
ID_6QXVH0EUS60J,1240.0
ID_CA9GH6Q53A1Q,246.0
ID_94KO4EQ6TA3S,274.0
ID_2WH3AXUWRS2A,233.0
ID_LBS8TBC6QEF1,268.0
ID_Y3YARETW8RAP,1240.0
ID_BY9JJAIKBRGP,633.3
ID_0U5AM482W1DE,464.9
ID_G0I28ORJC3OP,438.3
ID_Q34ED4EMSA3R,1073.8
ID_LN3LXEG984XM,1063.0
ID_0JTIPPYRJND0,680.0
ID_2MRD9I2X8UXB,174.0
ID_KH1FHLUW2T4X,264.5
ID_RFM5MWSIU1JX,348.8
ID_IAH2UTMDVU8F,216.5
ID_9SNP46T1GSJI,1722.3
ID_DSQ9ISYFW4DB,419.4
ID_B8XYLC3NM6XD,304.3
ID_HOG9LK4CTN8K,469.0
ID_L3RTRS1QIY6D,641.5
ID_03QW4RBYQEBK,335.0
ID_ZJSYN3ZHXK5K,1229.0
ID_UPRM76SZ7IJJ,741.7
ID_YB866N9RY5TU,634.0
ID_4H0KNHPKF9BK,177.5
ID_TOIT03A3WTTD,335.8
ID_4P7NKCB6LMJ5,327.1
ID_1TIMGZJLRLWF,1160.0
ID_25E6065LQDON,711.0
ID_SOB9B3H12POE,800.0
ID_A8RF0GQGJF5H,936.5
ID_GT36LGF8SM8K,608.0
ID_E9OHGDA3U6DG,407.0
ID_HXWHLMRE99CE,1163.5
ID_3VL9DLFRG5A3,302.9
ID_OKPI3DR2ZQPJ,308.4
ID_XZO6ECCAOC94,1300.0
ID_4X2UWYR6RIE2,686.5
ID_1LVAHN6PZYBS,754.5
ID_HRAJFKTPCNWQ,1987.0
ID_TK4H5NRKHOE8,391.0
ID_9U0UBT1J8152,310.6
ID_3EUKVYT37JOP,215.0
ID_1499QWPPW755,1165.0
ID_ULWP3J0G860C,320.8
ID_51FSB3P7RO7F,1004.0
ID_FHMVP6OM4GDX,1560.0
ID_2OICAUFVUF5S,234.0
ID_ZGCFHIHAIC5U,429.0
ID_SR592R346POT,1260.3
ID_IW7UUDAW8LI0,477.0
ID_UNWZCF6L3JHJ,487.5
ID_Z4FXX0BNPHCO,1010.5
ID_T18YB26T1R72,406.5
ID_LXZWOINVI194,545.0
ID_QNQJS14C9JJR,1740.0
ID_NTPIQUV3J2G6,818.0
ID_PVQOEEDTISZ0,20.6
ID_PNB65ASGG3U5,298.2
ID_KWPXATBZDX9T,1009.2
ID_0G0F9TOR4IMI,1480.0
ID_FVLMABW5Y6X2,1005.5
ID_O2PL38IY50T5,732.3
ID_CNG8Z00FPPMP,714.0
ID_641DSHBH8JAF,1102.0
ID_Y14QXUKOFJ4H,296.7
ID_DRP3WZV4BNIE,1432.0
ID_TMXV7UW39T80,248.5
ID_0L8O49SS6MQM,984.0
ID_UGTG0XQELY2U,440.0
ID_0YZYA9AXL9Z2,359.0
ID_KNOK4V0IWVUO,171.0
ID_YX4DF17Z25RV,448.0
ID_2YAZXP3AEDVO,314.1
ID_YNACZPCVVI09,1659.0
ID_75GYXJW1DYGX,302.7
ID_YRCMJRFRTU2K,478.5
ID_1L4WBTHTDQMP,1230.0
ID_RO0XF0TFLRG6,720.0
ID_NJ7G0SAVDN1Q,348.5
ID_UFPM6MLG1BJK,20.6
ID_ULY51B6WQ9FV,747.0
ID_CR6L4TL2VEEM,240.0
ID_4YRSPS7X1V7Q,301.7
ID_ILQ5YE78E0SD,286.2
ID_WDNXY8YRA10N,373.0
ID_WYK6LRWQ21ML,377.0
ID_EBA4QUGDXB5I,1475.5
ID_2WCWAKQKRA74,1349.5
ID_FTSIEXKUER9Y,369.7
ID_64BCOW7PEP3E,104.0
ID_0N5TFB55JBOB,801.0
ID_9AE1OJ45UFJ3,586.0
ID_NJWAR6L7X4Q6,713.0
ID_W8U6J9PKGGGI,507.9
ID_WJUUIJMPNLHW,398.2
ID_S7F4L5OW7OKD,899.0
ID_Y0OX05BLLQPI,159.0
ID_XJ7ULGKCALNF,1255.0
ID_8NU1PZBDI5C7,1191.0
ID_CPPN31R20CBA,1146.0
ID_D20Z6VEJBE6K,20.6
ID_N6RSTF2IR5GL,580.9
ID_DJBLGDPMS85M,20.6
ID_34J19EEKSSHY,793.2
ID_P8MQS1ERUQ9F,375.0
ID_U07HHH2EG6K1,706.0
ID_IKAOSO0CFKYZ,251.0
ID_NHQ2WMFGNBS1,302.4
ID_FRJ3P7XDG7OV,528.0
ID_5N0W8ZFFAIQX,415.7
ID_OFSHZ2KZ1LQ4,20.6
ID_A6C1G6XUATUE,331.1
ID_N99MP1180BJ5,226.0
ID_D5F8SLVPMZKE,154.0
ID_49QTISSSNQ0M,1235.0
ID_S1WHDBHNKLYO,284.5
ID_9YE4VBW3W1WJ,457.0
ID_7SWZRG2B52YI,619.0
ID_41XNQZ8M4QXH,402.2
ID_SIB0PJZQMRBO,329.0
ID_M47IW492SXOP,154.6
ID_MTUJW5V02DWQ,754.0
ID_Y108HSDX00WC,1280.0
ID_QRD8JCO8QWCF,89.5
ID_RIP1ZN0ST7I3,221.0
ID_BPS356NV28J7,1234.0
ID_0KANA1KYEQKW,104.5
ID_80MMCWDS27VC,1612.0
ID_CH1WWOXBV7L8,599.5
ID_PM7YZSDTN1OI,533.4
ID_FR4XH94DJW50,1047.7
ID_D1IDORABBOBP,390.5
ID_0BE8BMWG3A68,570.0
ID_RY2QD5TLB4US,349.0
ID_S8D99RRNCOMC,1275.0
ID_YZLW773BTIA3,300.5
ID_FL8VHWG97QTI,1565.0
ID_JVLT86OR9T15,773.8
ID_NBSTAXAZ24X0,1298.0
ID_43VRMQQ5E60F,314.5
ID_HI4ACMU7M13J,473.2
ID_UI96L3AE8YXY,566.5
ID_UXRI6OXKF50S,1002.0
ID_FW06NS2YA7QW,399.5
ID_RA5OO0JVNOUF,890.0
ID_EVGU94YQTZWM,171.0
ID_GHANLFEJN9UW,171.0
ID_HXBFX8X2DD7B,1119.0
ID_KUNLQSF5FM19,1541.0
ID_7XXH76413XNT,1027.6666666666665
ID_D58TIQKQLU7Q,303.0
ID_W5CLRPVGFRKH,624.5
ID_A3Y0OIB0BE59,400.0
ID_C74NLELOCNTS,3108.0
ID_2FIGN89QV44C,310.3
ID_QN4PJSV2CGSJ,402.5
ID_V5W6AZBTURWA,391.0
ID_L6E0GOTVHSCD,1087.0
ID_Q95BUWXK8RM3,150.0
ID_5TLXCFLTYF1F,428.5
ID_GLBHSYJG9S5B,1280.0
ID_3X3YHRC7IIN9,1213.0
ID_5H724YS64665,909.0
ID_U4Z5RN88FCZM,720.1
ID_05TGZGOMI6MF,986.4
ID_0GCZV8RUSZK6,421.0
ID_UV06K1FM1SB5,1010.0
ID_RCJZ3PORBWFV,229.0
ID_W1NL5CU9VHQS,406.5
ID_2WIYFQHMJPYD,1633.0
ID_BFFULEU6PVQ9,94.0
ID_JN31K11BXQ0E,328.3
ID_DS40FHVR9R7F,357.5
ID_DNOT9DTVZ6MQ,764.0
ID_Z58PO8MMX8YV,1146.0
ID_NEYMBJKFHN1X,1016.0
ID_RND7MNSA6LWV,258.8
ID_U407VXC7F9NZ,370.0
ID_ES753BBA75GB,299.0
ID_APRL4BTWWRW9,339.0
ID_S909ZPBZ39II,248.5
ID_YYFP9SWEV0U5,1366.5
ID_25EBTESPBHGZ,1298.0
ID_W0W8TG7XRWE3,436.5
ID_0FU2BPIOTMVD,1695.0
ID_OF817VW3STNX,490.0
ID_7QATIJ9YSL1K,1694.5
ID_LBPW7URC7BBW,1027.0
ID_7WYQ81JCM9V3,172.0
ID_JGSVOGVN6522,1051.0
ID_TOUB2GY1ZHXT,1202.0
ID_9AJCTSUQG7FZ,586.0
ID_VKOZPEUVSDI8,723.0
ID_UG5GQ68S58OW,459.5
ID_4RB8XK2ZB1IR,1446.0
ID_Z3P4T6K6P2ED,570.0
ID_VUGTKX63R5P0,443.9
ID_XMF3Q64FMLBK,962.0
ID_DTWCZ9G9C8WD,865.0
ID_0MNYHJUPIOIT,505.0
ID_ZGAL960JTO3R,362.2
ID_PK835TJNER3I,1695.5
ID_KVGPYMSHB2WJ,600.0
ID_OWIQYP0I1HGW,1618.0
ID_7RS2XDILJLBL,634.0
ID_EDCLK08NMF0N,396.0
ID_97Y87C3ANP5B,307.8
ID_D3SKVOTTB4KQ,272.5
ID_APFVFYM11UU0,1820.0
ID_TAIVU9LHBYZ8,1524.8
ID_NTR94XDRQIHZ,166.6
ID_8QCOFS2HXOJQ,469.7
ID_7ZZVZZH08UWF,432.0
ID_9NGVV4V11YU2,446.0
ID_5G8RKC18KLXV,1481.5
ID_BSVRMHEKDQKD,415.4
ID_6Z12209FUIAT,805.0
ID_IRBHYP3G7UXU,366.0
ID_9PH4KNPDDVWS,721.5
ID_S4G0N1TJEDUG,369.0
ID_OP7NSDQGR6AE,120.3
ID_32RIU94UJDHI,1730.0
ID_85WKQYHE0W5H,756.0
ID_2T4I23J42NUP,425.0
ID_LOJZM912S2TH,576.1
ID_FQAR45VD4PQ5,756.0
ID_RA4Y3ZL70BWO,1289.5
ID_UH3QT7I1O24Q,129.8
ID_P9OZQ56CX2YO,968.0
ID_RB24VMV9FIGM,378.4
ID_XECRIM8DR00Z,1321.5
ID_EYIQ79MA3T5E,749.5
ID_B0QBM2S1R9S7,233.5
ID_1L74BG9P0TKX,731.0
ID_141KG0TOOCJ6,642.0
ID_IMKLSNJKVI4P,358.5
ID_253P6J7D92PW,314.2
ID_PCC17RCZX06S,310.5
ID_7MUPVDZE1ZWB,1419.0
ID_O994OZU1NP7E,550.0
ID_RFVKSMVILY31,508.0
ID_MTR7TTJ5LSBE,332.0
ID_87QM8DS5HSU7,1300.6
ID_8KXPBLV53NZK,580.9
ID_LQVS4LC3YRMB,1029.5
ID_ISVACTKT5MAA,411.0
ID_C64B9DUNSCM1,180.0
ID_ZXAE37OWUMFI,449.0
ID_L7Y4MKY66OSL,572.5
ID_TZ1FUOUR0Y8X,1225.0
ID_D7HMR45HU1ZW,498.4
ID_UCZXI2H7S2YD,247.0
ID_7TU75PUQP312,1914.5
ID_4ULCEP364DAF,602.0
ID_8EOY07K5LOC4,298.6
ID_NK47MAUWJ8Z5,167.0
ID_8ZCGIWU6GZLO,334.5
ID_SNIWSZ237UOD,302.5
ID_7LDSCZ2OPT0K,1002.0
ID_TK2TH4JSJ1KB,145.5
ID_UUXFZKSR58SC,313.0
ID_EVACECC6XIW9,1710.0
ID_U2LSES0Y4I3C,1498.5
ID_NEGU2TDNC4Y0,271.0
ID_WCBHSOBP51H1,267.5
ID_SVRQ4NGZFMMP,744.0
ID_5TBBUKHYJ1KI,849.2
ID_4AOR8R30LNOD,485.9
ID_5XOUKBLNO7AC,1034.5
ID_IQZTM1J018FS,670.0
ID_Q9VXX3O6IZOD,283.0
ID_HTEQD0S6QIB8,340.5
ID_0GFT8KE7O9RP,759.6
ID_SHFI8L6O4DQ3,784.0
ID_64MUBP88ECF6,430.7
ID_EHYBYH7QLOSL,175.0
ID_GTGEI6PS93QJ,1289.5
ID_TL9C9OJ8G68U,362.0
ID_SM1GWL52K1F8,338.7
ID_DZW8R8ONEU66,360.5
ID_HBDA4P8811S8,3700.0
ID_CJQOTSL074N8,1027.6
ID_KZ0X60V9XQIG,1818.0
ID_0TWFZTV06NYT,657.0
ID_PVJN35A46C0K,1020.8
ID_D732BOTXBLSI,401.0
ID_342GB00NU2X8,125.4
ID_AQUL5HCLWJPM,1321.5
ID_VU3938I1G9Z0,753.0
ID_Y2ZY2HDPU6PE,1003.4
ID_SJD77GLF5ZFJ,1025.5
ID_3T35R9QJBF2M,303.5
ID_NQUTMXXK59YN,1418.0
ID_SV7AFMBC72LB,132.4
ID_PAPK30H37SIW,840.0
ID_URRQOVPPCBQ4,159.0
ID_CQPXYYK4KGB7,335.0
ID_RJIJXF4OS4RL,20.6
ID_APUXW8HC4K6B,1213.5
ID_61Q9C9GGPHDI,1420.0
ID_ZWZRMNC7OOCV,264.4
ID_IYKX7HR08L6A,327.1
ID_AIG281L5ZHU8,243.0
ID_NHUOZPKIO0BR,350.0
ID_LLYN4K7KIT4R,441.0
ID_0TSE5OLEV8WK,349.0
ID_H992DU9HM8DQ,330.8
ID_UK0CBXPBQ5RY,1242.0
ID_RDPY3EBXFJ5O,1366.0
ID_5L97TY473GY5,1551.5
ID_5B1X9MC1IFX0,303.2
ID_ECWVAC40SNWB,4207.0
ID_OE87AT5TAUEI,1922.5
ID_XR12GEBM8H2K,1300.6
ID_LJ2AP4BNL25Y,991.0
ID_LH311ABG9XDL,600.0
ID_HXONOBB4HD6T,1956.5
ID_7AOOKABBB6N8,1070.0
ID_Z17C9TLMF1MJ,292.0
ID_3PUBL95YQ1AF,725.0
ID_3RUIBILNO5TH,188.6
ID_9VMYZE08M98X,753.0
ID_6SDJYMNC1T2Z,289.4
ID_61DT371A8JKT,348.2
ID_R51LYLFQUFIL,792.0
ID_MJYLQ159US1Y,827.5
ID_QQHLY17D6RBD,1270.9
ID_Y84JBGTU3NGV,1208.0
ID_V8BHOZICY6IF,431.8
ID_DZ1R5TGC156F,1701.0
ID_UQTR8CQ5LH50,1372.0
ID_CK56LDNW1478,706.0
ID_QJGUBXWDDCRS,806.0
ID_H7YHR5OTSNS5,171.0
ID_8FRJCZZGLIRC,845.0
ID_U29DLWFB48GG,274.5
ID_W3OHI7MAVC24,174.0
ID_1ZY88AN5LZD4,398.0
ID_OC5EEB6B892L,786.0
ID_CMWPG2PIB75R,1205.0
ID_NWEI411ITDHM,796.0
ID_G49PUGN2HFAD,270.0
ID_GSNP1IEZEQBC,490.0
ID_GJUS6RREHQ81,833.7
ID_7F8MCGYBVNP9,345.0
ID_0L3CDZHQMEW6,769.8
ID_WWW8P7C0BWWD,368.0
ID_K5SN27S6ODNO,964.0
ID_UFYYFX1MOUMV,405.7
ID_D0724QR6ZQQF,1560.5
ID_PMSOXFT4FYDW,3452.0
ID_SO7VGCA3U32O,606.3
ID_FRF1EVPIL6HX,1197.0
ID_82CBKU1NDJ0V,1165.2
ID_RX8DANVXO123,468.0
ID_ILC9A9DN5G2Z,706.0
ID_2GDKRWUIWI9Y,92.2
ID_RBQ5VAV4DJ5G,822.5
ID_UOQYVR79LGBI,1062.8
ID_K6AD8QUXXR6Y,327.1
ID_J342KZ43X2VJ,614.0
ID_XPEQ4HVRRQX3,3894.5
ID_AJUG34L464MU,737.5
ID_JF3KG0PYDKQF,1849.0
ID_L9Y3DAFA0E72,2495.0
ID_E6BGEQJGO571,250.4
ID_SP088I6KHJYU,402.2
ID_044M7JJ7F7ZH,1226.0
ID_FWCKHCWUI2ZA,313.0
ID_RYVNAORY2187,341.0
ID_AKABUF8B09YM,686.0
ID_S2JJQXZHA1AS,890.0
ID_4QOOOG43P1EL,1164.0
ID_X7Y0DSAFDFLN,764.0
ID_HBHBHNCY4HVH,460.6
ID_BD6WGXMV0N9M,418.5
ID_L96Q9Y8ZKZ8E,1447.5
ID_THWRW6UMVR43,313.1
ID_BORVFDCCKT0H,724.0
ID_2L25K22ZLQPZ,381.0
ID_YUL27A9GYMND,406.0
ID_8MKACM85VSCS,2896.0
ID_4060CUEUW7HI,377.2
ID_Q0SM7VK3YP8B,80.5
ID_KFDMKLKS776M,470.4
ID_JFSU9KK3JSCO,1550.0
ID_YDVQY6M9SDE1,264.0
ID_24UQHTEAU2MZ,376.5
ID_SGZSFYIOBIN2,563.0
ID_JNBPHXXIFBMH,368.5
ID_ZDH7Q9PB2ZFC,346.0
ID_Z8L5CROZXDD9,2078.0
ID_BFWA63TCREXQ,284.3
ID_M3DHWRLA56N4,1310.0
ID_7QNMKE9U82HO,1240.0
ID_75A7EFD9RIO4,171.0
ID_ZGRBK42R4LAE,437.5
ID_E69IMEJ5DN9Q,385.2
ID_9GU549TH7ZK3,1256.0
ID_32IOWXYS1DUU,313.0
ID_055AL1ZL5ZQ3,89.5
ID_1D24WF1F56XL,164.0
ID_C8563RHWH4R1,447.5
ID_FWYXQF7RP0NA,1202.0
ID_RUQF0NVO7GUP,89.5
ID_U51NJXF1ANRX,324.0
ID_52E5N2X6YPZC,416.5
ID_5605KFWD5KLI,1205.0
ID_RP1T12JOZ0W5,410.3
ID_1NJF183VW7MV,227.0
ID_YBW0BLUZSB09,1435.0
ID_EMWY1EBQA2OW,20.6
ID_PRZUQ2CC6YQL,1211.0
ID_DR9MHVZLS2J3,132.1
ID_F9Z4KJ1ATXQX,415.0
ID_1IEQS1MMJVNU,1450.0
ID_Y5OJFJ4ELKBO,1690.0
ID_OYZLWHPXC232,42.8
ID_RIJPB9ZK7QMJ,300.0
ID_5YLAHA1RPCLZ,585.6
ID_7YD43YGQEHAG,120.0
ID_Z2128MPPJH3I,305.8
ID_6E9C80EV7UVB,718.0
ID_V292OF4LJFY6,627.0
ID_GZWEN5J0753A,166.0
ID_DZJI74TH27S2,1131.0
ID_VB20G3017OT3,1584.0
ID_PFR5TR9NSJ44,3255.0
ID_CGEMGXF9GKAN,1204.0
ID_UQN5YELSPFW4,576.5
ID_9KQ04PBVJQ2Z,1021.0
ID_4XS5DB6R0W1W,3202.0
ID_0LIP6T5ZSM47,905.0
ID_EKT3T87PW61E,393.0
ID_8APYWALBVJJG,1380.0
ID_IZNAGRDXI416,1027.6
ID_O8JW768V2WBT,765.1
ID_QB1EGGOG4PKU,316.6
ID_QL474TRJZ4KT,287.0
ID_JS00JMA9OC55,425.0
ID_KX93WT2WM8KI,375.5
ID_88T4KAWBOXD2,762.0
ID_AYEXJ449FHYB,319.8
ID_WAMWUG0WHB97,1249.0
ID_MNSBZZRLVYAB,557.5
ID_NIO4I0V8DWYJ,99.5
ID_NIZWE5DL0ZEP,672.0
ID_9NCKQGLK3SD9,373.5
ID_5OSGLVZW9D29,810.0
ID_6XPJZR8ZCIC2,303.2
ID_IY0SP642OW24,1679.0
ID_RIYH64Y97QRK,1449.0
ID_XSP6B48LKWT8,890.0
ID_W753O33BW3BB,441.2
ID_RWJ0XTITY982,2088.0
ID_EUEIBIX6TBO2,633.5
ID_WH5AACW8DNG9,314.1
ID_NKCHBHQGHFQJ,436.5
ID_55LF7DAPVUM9,492.9
ID_QCVF1IC80H55,267.6
ID_TTYI3X4FHRSK,1065.0
ID_FAVZ1A7JE66Y,164.0
ID_K3QDY7VQTJ4Z,376.2
ID_SXVSUXY5UZAB,332.1
ID_5K5QDTT6M6RR,1110.8
ID_LVWYORSZVO3S,395.0
ID_6ECLIA2352NF,137.0
ID_W9B36B5RXLXB,1500.0
ID_FBND5TKBJU4V,274.4
ID_IEG1EPIW3QJE,1165.0
ID_XBAKEC3FGVOI,324.0
ID_YX1YSBJPV00F,222.0
ID_CNJ0199EZ0Z5,224.6
ID_9HZRXVLF8O7Q,314.3
ID_N8DOGSGMLEEF,299.3
ID_QTT6DFO6C20M,172.0
ID_84TIYB63GU2Q,148.0
ID_I13964DD6KTD,417.8
ID_31NJ27Y0VJFL,282.2
ID_SFCM114U57TL,505.0
ID_JO7PGDO0GSL6,714.0
ID_GL342CDVL9P5,324.3
ID_89HGYIT9L72K,570.8
ID_GMN55BKSKYR7,1452.5
ID_IPCZ9G8W2MEV,779.0
ID_YTTWCTKL25FS,773.0
ID_RXK77X7AJU1K,1038.5
ID_7DF2UHVO2YDW,865.6
ID_S8ILQIMNR33S,1575.0
ID_9CZKHNKM1I86,545.6
ID_QV0YP4S4M4EW,429.3
ID_6NW6LZZP4YSO,940.5
ID_11VV8EJUCW0H,3170.0
ID_12B9ODTQEDJP,886.0
ID_O9F0DSRI883S,357.0
ID_UGZM1YTX1O1E,890.0
ID_K9QDUU90W0VF,998.6
ID_NSYRKSMPHBU1,1637.0
ID_VTPNQBR81BM9,1074.2
ID_39OMID9QCOG0,466.9
ID_1PEZ9AQEX5YZ,3372.0
ID_KMV01O5FI1RE,165.0
ID_D8YY9UAL3DUU,1157.0
ID_MK1LEGI0K09C,1590.0
ID_SIGZ0JBXQGOV,245.0
ID_TVKRFN7WM03R,238.3
ID_0BEO9O1TBGD7,372.5
ID_0LAUIA0BNIC1,320.0
ID_J3ASN4NEHJWU,968.5
ID_E0C4Y5E20718,816.0
ID_42C9CZBA94GA,314.1
ID_YR8ZM2POXIMW,326.1
ID_CI5T4HTPFSD5,2120.0
ID_A43CG1H8ISRO,324.7
ID_3CEHUW3S0G0K,863.5
ID_TXB3AVJR817F,439.3
ID_EARHOHWMJBZN,863.5
ID_3VLU0ZG4HZCJ,335.0
ID_BXY0XWQ3PB64,1695.5
ID_QRR9XFG9T842,1107.0
ID_EUX6TSC8JHCM,406.4
ID_QFOI09YR3VXI,450.5
ID_YV25FQOXZ8MV,20.6
ID_7FQESEUZAD3Z,295.9
ID_CNWL7DTP3YX4,346.0
ID_T55BT4VODB0E,153.0
ID_RV1AQV8A2YO5,1001.5
ID_4LD71OA2HWJA,410.6
ID_MURY55Z0UGAN,372.0
ID_N2FMG5146H3F,220.0
ID_UTINEMLC3YZ8,318.8
ID_2YV5CPEX8PQX,904.0
ID_G04CAJF9PJPJ,341.0
ID_VQQC20SF8PFA,234.8
ID_XLERVZJLB89L,654.4
ID_55VQDPWDVUJN,1411.5
ID_ZQ8CAFATMFQ4,169.0
ID_G0F3TN5NG6BH,375.0
ID_PF85WDFZ5SIC,420.6
ID_LPA096T2PA37,282.0
ID_TOJV71OD5IJA,962.0
ID_OC71Q8G1PU9X,777.0
ID_ALXWTRGLKYET,534.0
ID_L25QRS7Z1I48,1078.6
ID_ZJX6UR06AOQN,169.0
ID_J18Z7G8MKNNW,916.3
ID_A1FRWN0WLOW3,1213.7
ID_1WMN80LOMPYX,598.0
ID_PN8SLC70UAFU,427.7
ID_Y0VLNN9FFCDB,1210.0
ID_KSNG2EHQWVN2,758.0
ID_6W3UCOWAIKFY,359.0
ID_SAMIPB6FVS35,1085.0
ID_5XWLZR0M55MG,618.0
ID_XS38KEFXELD5,375.6
ID_59TDKRUHGJTU,345.0
ID_LA52IZ1MKC63,117.3
ID_HUS8E1K54UTE,780.0
ID_I13GK4NJXW16,1362.0
ID_VNANLNWRQBB6,410.8
ID_S9RY48JU1EY7,648.0
ID_4STCBR16P9VP,1030.5
ID_8975M70FEDGV,1207.2
ID_DUBR80BZKU6Y,357.5
ID_MAEEJ3FRNXBQ,303.0
ID_H4AAIXVXUTIW,1780.0
ID_9O8JMRL331Z1,329.3
ID_NGSCERQ2QDX4,325.3
ID_6LCF9GFNTUHP,398.2
ID_P1FUZAFI9H4Z,1348.5
ID_98FVLR8JYSIK,848.0
ID_21Q3Q5YNLZZX,1680.0
ID_PBBKRFRQIL4M,276.8
ID_XUQ4DJPJN922,983.4
ID_XN9SQO2E71Y5,318.1
ID_16EL4RBE07V4,995.0
ID_J9A3XKAY092U,388.2
ID_SI3U6TVMFSLR,3457.0
ID_MZPNEAO40UOF,1241.0
ID_JMOP4XUA0I7Z,358.3
ID_3K7O1OS7SC87,1224.0
ID_1FKKC1Y469H8,995.0
ID_KLWMKKI8XBMZ,438.6
ID_INV1UN5XSNO4,633.7
ID_FCP0ZRWKWL2B,379.5
ID_L7DSNSBA5RQQ,237.0
ID_SECEK6SG1NI8,2138.0
ID_ZZH6SDGIBPVQ,733.0
ID_NKCBC5AYF2O5,864.8
ID_HCUH5OSOLYNC,343.7
ID_P2YVKXAWU6J2,676.5
ID_H5DAKY1IT85H,1396.0
ID_FN2NLEWDMB6D,384.0
ID_FQRTZI314E4V,1560.0
ID_605VN4QHNIDI,389.0
ID_J9MMOAJFJ2J9,311.3
ID_2N51RJM7IWTE,426.2
ID_G7LKS3J2NRV9,577.8
ID_B75HPYZV9PLR,804.0
ID_IJFSC215A8T5,232.0
ID_XUJ8JAS1QTG5,84.5
ID_OC29SB0GECK9,345.0
ID_0ZW1XY8NZ5AA,81.0
ID_XUYVTZH1U6V5,1114.0
ID_TUQ7O8VZEO8Q,1319.5
ID_XL5X7DAJMM1B,342.0
ID_6GOHOWR9UQEB,591.3
ID_OSG7JPS4CTQ6,726.6
ID_TYWY3ZJA2J5I,1615.5
ID_E8R8OU0PL6KU,884.0
ID_NVSZ1QLGBUT6,292.3
ID_B6DWB2FSMPKC,325.0
ID_P0UJZBSPVHUE,1260.0
ID_O9LKW41W3CE6,284.5
ID_APVY0ZAA2T96,309.0
ID_DXH0G1YZBCCY,1232.3
ID_50FMQ8VLWTYD,1281.0
ID_MPXG6OFK28RA,1277.5
ID_KO5Q9YHKSLDL,792.0
ID_5RN40WEWP1EL,1208.0
ID_C22JIXZIZSL4,296.0
ID_9DQB1KQZBTV8,270.0
ID_CQHWUNCL5PCX,679.9
ID_J5OEXVDCNB0P,757.0
ID_RDH6HLOB2U92,311.0
ID_8TPHQ60JF6EX,444.4
ID_1PB93FWUQFQB,402.5
ID_3N976J1OGQLO,1127.3
ID_7KUFT15M92QJ,341.7
ID_PCCPOOUSGB06,154.0
ID_3FRDNPVY5FNP,1153.6
ID_BK9ZR4TDE7NZ,1097.0
ID_OUWYLUIH2R51,570.0
ID_L5ZLQMRH6KKF,1043.0
ID_Q4UW4DG55OJW,639.0
ID_OYF1ASPZJQNP,1000.2
ID_GZUUS62OBWF1,1240.0
ID_KKZDBKDWVPID,328.0
ID_YCYMKBL2CA1K,402.2
ID_KHTP23X20T5I,996.4
ID_PVCGOZWIYCRW,2937.0
ID_32NAED58MFBN,1296.5
ID_N20MRZDYH6K2,995.0
ID_DBTQY3BIX7K1,336.8
ID_VXHEQJCSAEGO,402.2
ID_1UBFDMDD35E0,397.0
ID_UTQLHUO15C6P,1278.0
ID_KUQSQP4UEPNX,3002.0
ID_NG1BV8SLDLT6,270.0
ID_3WE5BFF4QQ07,402.3
ID_OJCKZSAW11FT,850.0
ID_01FMRJ8CZ1B9,291.0
ID_UFCY75JEV9LT,360.0
ID_2EZWQR6H2KMD,554.0
ID_VDBLFDMIL8NG,1415.0
ID_AT56XBOIGQNE,1205.0
ID_AXZDBVR3IUR6,307.1
ID_2TXCT78Y3PKC,383.0
ID_VR4Q2KY91Y7I,392.0
ID_EQO0B00UOJ18,366.7
ID_80IN0NOG3IGG,310.3
ID_52G244TD18XX,523.0
ID_VU2RGX6FV7SG,584.6
ID_L5TFK1K76NVV,363.0
ID_9CP641SBWCAY,86.0
ID_GCL2HBCVD3GT,735.9
ID_9TSTSM29ITZV,1490.0
ID_L9B0F5XY5C0Q,723.0
ID_CB1C6HBQXD06,638.6
ID_HKJ98YOILTWN,1740.0
ID_5TPFAMIJT35T,791.5
ID_17C2BIFXGXAB,436.9
ID_ZY0FDD05Q344,205.0
ID_XXKL2UKB6T7P,1433.5
ID_RMQ5T81PW81J,504.0
ID_I1KFYFIUMBBQ,659.0
ID_1C1WGJ4TLP0X,246.6
ID_E5OL8AHYNIRQ,1014.8
ID_XKJ6NPCU23KQ,444.5
ID_H2LK19RTKLBN,328.5
ID_8SXD7K2XR4Y2,304.0
ID_R6PS7QO3TIP3,696.0
ID_7Z26WTZTG1EE,392.0
ID_NVW1KES21JE6,707.0
ID_KZQ5Q7QITN1J,504.0
ID_0GK554F5HSPQ,2807.0
ID_CA5E6O3YBPYR,263.2
ID_NTRTGR2IP7JQ,587.8
ID_062VNY633NVW,1165.0
ID_465NN80WHNMI,340.2
ID_T52DNN3DYVA2,339.3
ID_CM0W1BO8Z7YV,519.0
ID_YV087R41HIW6,3885.0
ID_VT6TAOGORN0T,1263.5
ID_030L0XB0GEPB,397.0
ID_YECW50OR7NEH,336.8
ID_5W7NWNYH7DA2,267.9
ID_I2AKJ4TGA3JS,643.4
ID_LMSXY4W2OCHC,374.0
ID_W1EWJ1KHVFWL,1666.5
ID_3ABZTY079K5J,1808.0
ID_4PEE9P8ISN4T,1446.5
ID_DZD2PTXBQ36C,115.0
ID_VRDCKGL60J4S,1510.0
ID_W300Q133BITD,170.0
ID_BGPCJWWGLRAD,1349.5
ID_2VD5AHGUA8FZ,390.6
ID_N2YHCFW8BCW1,319.8
ID_KD26RV3Q4Z8G,431.9
ID_B4L9RE7NMY7S,822.0
ID_BN9X6GP81HB7,8.0
ID_Y6GNK64VJEAR,319.2
ID_PE586K2WC823,331.1
ID_WL15S18OVHW9,1300.0
ID_5R6L97XFBM4P,773.0
ID_55YCU1CHAZYU,1163.6
ID_WNGH3FP6KNWH,3665.0
ID_9JR09YWTJIPX,501.8
ID_870NP4IDB2WF,665.8
ID_X6ZCELIES4N3,808.0
ID_S0Z4WELW3RKE,776.0
ID_I1M86V2XW3NU,721.2
ID_PR25E8LGMX5C,311.5
ID_5RGXU5KZER2O,736.0
ID_N3OWXZ0A4PQ2,1113.0
ID_BUYPSV8J9VX4,1004.5
ID_ZLJBGWFNKT3F,886.0
ID_E3U792EGWSOZ,230.0
ID_KQE4T2DIGF73,297.8
ID_FIOW6R8A6TD9,1996.5
ID_6NHV395NXUMO,1197.0
ID_DLLQTLGA5BZ7,166.4
ID_12090DS3ONFO,253.5
ID_84WRYZXSNB5W,441.4
ID_5IHINMMQ33HN,1241.0
ID_Q3TSBO3V5MV0,1230.0
ID_ADC7FBDIRB67,285.0
ID_YFVLB2MLINSA,1129.2
ID_0M2B2IU08JHG,932.0
ID_V9K16K3JJ64W,118.0
ID_T0APDRNZ2PUP,897.5
ID_UD6Y4DW52N30,368.2
ID_CPN4N1LLQUYZ,232.6
ID_NBZ50NSHWKX4,1800.0
ID_JOBTZIGNUJYW,148.0
ID_QIXJYAUTNLGR,616.0
ID_AX9K1UFBM90G,148.0
ID_FDDURNIJQYRF,352.0
ID_LVNQ4RR7Z5M9,1039.0
ID_UYQMXTUWGEX3,294.0
ID_GXYT79NRDUCC,360.0
ID_9GC9RL0156TI,952.6
ID_65R1QHRZPXV4,170.0
ID_61D172EINVHM,247.6
ID_YTRIQ7CPL06G,510.0
ID_SWBH0D832EJH,595.0
ID_JI6G3OYFQJKY,642.3
ID_D2P1PLCDCW6C,864.0
ID_4HZATY2UQP7J,757.0
ID_I13HAXROQ8ZI,941.4
ID_EBWZ4DITBMRT,791.0
ID_46V1XAD0HNM4,155.0
ID_7F0Y5BH75MA1,505.0
ID_8KDNAENIPD6O,282.0
ID_31557CM50TT0,90.5
ID_1H73ZV2DGAJS,1180.8
ID_MQBQ7Y3DAME9,560.5
ID_FABZ5F40A430,884.5
ID_ARH65MSJKMXQ,384.5
ID_NZAYF5EC84XF,731.0
ID_8KTFQU943U8U,1191.0
ID_HOOPMK98RDVW,1168.0
ID_6NKRHFXDAL2W,168.0
ID_3Y0E2QZSY8BE,362.2
ID_7RBTQWOKF593,243.5
ID_G32EHA5H8KCH,79.0
ID_FP8GAONCAYON,231.0
ID_Q1YRG5JLSL51,1272.0
ID_LUEHBMKN3WSS,394.8
ID_8CR2PDGM6RTS,757.0
ID_UISG39MBLWG7,383.4
ID_ZFX52PINM9TI,239.5
ID_AV8EYUEUUBVA,570.0
ID_LDK0UP6ZOTQS,784.0
ID_Y71AZZAYF00N,335.3
ID_IAA19P3EN9DF,303.3
ID_M8ZJ8397H56M,831.0
ID_2LVL6QWBY48W,1065.0
ID_66A871THV43V,685.0
ID_K9CFTOS3JA2N,327.5
ID_SN7U1P14V2N3,458.8
ID_68RW49FF7NF2,343.0
ID_1BYE6Z8W58NR,320.8
ID_DGIYN4VXFWW3,315.55
ID_I13X0T9TWG4N,1744.5
ID_7HE2NP9ZDI7E,546.0
ID_PKX1BWJLKKF1,432.9
ID_FGCBRPH417HI,446.0
ID_XZHCQ2UL7EQB,807.0
ID_3F60G7BTKL3E,404.8
ID_X8UKDAZNQLE5,156.0
ID_WF21DZJQ0MEZ,428.0
ID_2JORBK01S76Z,260.5
ID_N40FQ79VCRBZ,346.0
ID_GTLFKV861ATM,423.0
ID_27Y0YW3K0RMP,349.0
ID_WV5M56G6J46P,362.0
ID_2A6AX6F5M2R3,386.0
ID_O1WA343Z0Y3Q,336.8
ID_5RO8TLZHVZ4U,388.0
ID_WNL0HEE8FNAX,743.0
ID_KRAHFXWUE34U,1015.0
ID_B0BZ87T7Z4G1,1010.0
ID_EF8RZ2A57MOF,301.9
ID_CKZAYHVYDNOH,308.7
ID_24T2915PUUBL,989.8
ID_9N44D14F4Z9S,1500.0
ID_4QI2PK16L4W8,319.0
ID_5GSE1ZV2KZ36,407.2
ID_30MYYJ3CGU71,187.0
ID_R0ZZ2K2C4IFQ,271.2
ID_SRSO7ZIVRHMS,995.0
ID_ADMXQ913LY99,348.2
ID_PS7YQR14G3Y3,501.8
ID_MZEO9V8999MJ,1888.0
ID_LUGALDGQDU2C,414.5
ID_6E0LFWNRDDBC,536.0
ID_BH392O5O9YIJ,341.8
ID_VP4R17PGR7PT,977.0
ID_Z584MTBFZM57,136.0
ID_FMP63TJMIYD2,237.6
ID_0VVXHZNBFV7K,987.4
ID_R3G02LS8GNA9,341.6
ID_Y3HXNR6C9VPN,345.0
ID_P2EI5WTDARVB,575.0
ID_J81U1U9GRXMM,309.0
ID_RUJ2JWO1H36Q,3840.0
ID_D7KZIKGDA5TC,447.8
ID_IXZVPO7I6GFT,482.5
ID_DYEIPGE8LAWB,1810.5
ID_YFXPGWLIF1JG,524.3
ID_M06RJHKBWY49,325.6
ID_9AQXDJAJZEKV,1030.5
ID_W8K9BX9LC95X,814.0
ID_QI5ZUDAWIO6B,999.0
ID_UAUMCZMYYG50,1160.0
ID_MB0FWEMQZIS3,642.2
ID_I3VLDTUXI8OU,685.3
ID_FL43EATDHM0N,421.9
ID_F8IKOUJWBLAS,311.4
ID_MY6O19NPIVK6,1228.0
ID_XIRL5AT0PRFF,345.0
ID_V770RBDE6Q4Y,510.2
ID_0PZHH6TLV3CA,256.0
ID_VWY9TZXSBA2I,1395.5
ID_0IMHIJVZNH4F,387.6
ID_J9R0XLLUEYV5,1099.5
ID_SXO3TLUQS06B,394.2
ID_IIFWSOZJ87T8,254.0
ID_003IQ6P16IU6,562.5
ID_8A4XDDFF9KES,1106.0
ID_ZADQ4EOPXZ5X,743.5
ID_T3BJIT95VAK6,966.5
ID_9JBVPAY5SWE5,240.8
ID_H69MYTOAOWGW,2819.0
ID_KX131MVNIQYK,162.0
ID_9TBIA2TY51SN,335.1
ID_LSJ9Z973V7HY,327.0
ID_1V7154B52Q1R,749.5
ID_61T1B66LGY96,1244.0
ID_6OMUQ7RGG9PB,247.9
ID_UOP0YIGOD0C9,728.0
ID_FUEPC3I8AGM6,204.3
ID_9DZ2XHHCILE0,327.9
ID_K31RQKN5YZGQ,121.0
ID_5ONQKXWCPAYW,426.0
ID_WTFWWIHRP8QJ,130.0
ID_1DB4QAC6FY9E,165.0
ID_JTN33DQWNP8S,307.3
ID_URGC9CNXA7X5,318.4
ID_TLCVMIUVHIDA,1684.1
ID_TUK3UTUY685M,390.8
ID_C3CXY15NEROI,1650.5
ID_HLKXLS0FWIO3,327.5
ID_3KYOCLW494ZU,1106.0
ID_ANAMG2154VTI,1217.0
ID_RZYTYJZGW8V1,965.0
ID_U0TE2JB46YOT,1581.5
ID_033YEZI2YTMN,392.0
ID_M5MUL0OYJ521,305.8
ID_GLNNBNCO2ZJT,328.0
ID_5D0G39C74311,113.0
ID_76NPV6TK8935,684.5
ID_ZBDU7B15DZ06,661.0
ID_7ZY916L3IR3J,531.0
ID_NT49YSFTD1RL,174.0
ID_JO5LMUSPDOE5,419.6
ID_20WSYTHON01Q,169.0
ID_29VL60799V4G,1150.0
ID_LWOVH2BGMAXM,756.0
ID_U40UK9R0U769,788.0
ID_GLMWDVQ0ZBSS,554.0
ID_H9WPOE6GENMJ,659.0
ID_D777FHIP8F1R,1281.0
ID_UE7JO485SVK6,96.5
ID_KMUR984JCI6C,318.9
ID_5UB63IBXG3O1,350.4
ID_IP1S04YTUGT1,1272.0
ID_UJAKLBHMJ3YD,1230.0
ID_W4V2VRY6V3ZG,309.1
ID_UPWIMZ9NKMFX,571.0
ID_TVYVXPBGSFUC,238.6
ID_8WEKEFRVWLHJ,514.0
ID_9RLCRH7Q0PXK,295.5
ID_02G01CVY8X2H,311.3
ID_KE5BLNSCOGKB,854.5
ID_9JNMULI0HP0P,1910.0
ID_B8OSQ43TMBSR,1513.4
ID_PZWWJKYN923K,1246.5
ID_834BS53CZ6LC,429.0
ID_5BMWFG250JV4,1039.0
ID_LM22RNI83BJM,1090.5
ID_JQS59EY819HO,254.5
ID_E43X5ED6NLU1,225.5
ID_8UZSHKU5UT2V,900.0
ID_DJ50AHYEIPZ0,1574.0
ID_R4NIIOESVN7T,1249.0
ID_YKL207W57L0U,393.8
ID_12P6RU298F9N,302.0
ID_IZ6WTP5Z17WN,717.5
ID_NZMFMBIC4FNF,392.0
ID_JLTDB0VTB0E7,282.0
ID_17SQTC2HLKAE,387.2
ID_I1X7CIDBKXZQ,236.0
ID_PSSACU4V0O6O,1542.2
ID_V4HUIJ6F76SW,617.5
ID_8COHYHKML3JP,1205.0
ID_JN4AX2B2C50G,92.0
ID_TMJ0OO9Q2WOJ,1652.5
ID_C95LNL1M8H2N,1261.0
ID_RVPLXJ5UWB6O,285.8
ID_TV9CCKV6IGN5,1798.0
ID_K19V3I8YE12K,360.0
ID_KGXUKFH4Y7YO,610.0
ID_WJSH3NU9GIQB,20.6
ID_EQZ7H1WA78OS,236.7
ID_1MKAKRVW5T92,168.0
ID_PZFWOHDEYNGN,3885.0
ID_725LTZ95U1E1,1148.0
ID_THK0MEQMKDUT,1728.8
ID_RTQ01NMMKXYA,604.0
ID_8B19FL2AJ194,244.1
ID_D6RNJ17OIWWY,851.0
ID_HUGK2Y59U7KJ,680.0
ID_KWIMK8AMZF5A,1250.0
ID_UURMSVZDKKSF,745.0
ID_2R9G9PQSADOM,256.5
ID_BI9UDH99U450,317.7
ID_7ODW5MXTDNCG,1239.5
ID_HWJ9WKS3IB5J,396.0
ID_JGO7PWMYOMUB,637.0
ID_MCQSOIZ5BXGC,47.4
ID_J0X3K8DOSPYN,1010.0
ID_VGQJ4WYJJBAT,273.5
ID_FHRVJDWVEWZK,679.9
ID_YFDZZ7FAT8H7,1223.5
ID_ZW6ZATUAC5CC,431.2
ID_W0BWKL5E7PYH,1309.5
ID_9DJGFL3PX533,550.0
ID_NYXDVDMQO20V,686.0
ID_J9R96PPZPO32,810.0
ID_03SHDKQD95XF,170.5
ID_9UYFG0NC9QTM,752.0
ID_PR26C0RSQ89H,567.5
ID_KOOC7HGDZA0H,1317.5
ID_218WMH65G8WU,1674.5
ID_PRAU2EMQM87U,336.2
ID_D6ZOJRHT0A7H,426.0
ID_CITJ0RJ9ZAOC,692.0
ID_TP5RXW7QXP2O,2019.5
ID_AZNDXJTYSGDF,239.8
ID_78WJNL0RRA6U,1141.0
ID_TM6VWF7REIS6,1740.0
ID_X3TVNO4XNHN5,751.0
ID_3TDSR1D7HQ8T,1568.0
ID_82ZSQZQGLY1Y,469.7
ID_8OKP01595X94,585.0
ID_2OKINRRT0XL1,2030.0
ID_DA98EJU0NT76,722.6
ID_V17R17KYCDG3,545.0
ID_OM42UEJQR618,240.5
ID_646D2KBLNLC2,232.3
ID_9RU7QWS0WIDP,771.0
ID_PFFCHUW5O67L,588.0
ID_ZSV9TC0UW5CK,307.6
ID_MSYLCULH22KD,552.5
ID_6ZA9ROTCTCTY,457.5
ID_L0J7MCL12NR4,305.5
ID_SCDUXWEDL6C6,672.0
ID_7QHVYN5YJYAP,162.5
ID_AUT5E4W1IF34,1330.0
ID_7JO0TQWT9W8K,363.6
ID_3UUBOUNG1CH8,567.5
ID_4Z5JFK9VF762,282.0
ID_3Z9LB1PGHP96,730.0
ID_D0X7IDGN74GR,309.5
ID_BBY6G4GET31C,1476.0
ID_PT5LBK4XRS89,582.5
ID_Z6A67N4N3KEJ,20.6
ID_Y6D7U7R1ULMA,368.5
ID_WQOUU960NDO4,65.0
ID_XC7PSRE6WWFP,257.0
ID_VF7NABSVT35U,1039.6666666666665
ID_25MZL6HIS26M,1244.0
ID_D86BC6U7FA2J,1554.2
ID_F4KMTFROJWL2,320.0
ID_QK4YHF5UETBQ,311.3
ID_XPAHSEI49TYN,991.0
ID_69F6K475WX7V,562.0
ID_9WS9F7Z1CE3M,322.0
ID_XJC8VVXC9TBX,970.0
ID_CD5QDTLLZUPT,216.8
ID_O80J4RH6LVDS,852.5
ID_KWSKN3HTLPK2,278.0
ID_5SKHT6NDFHJR,173.0
ID_KPQYKBZGK6Q4,671.6
ID_866ACQHJ1632,353.5
ID_WX844ME5IT0M,242.0
ID_AWNJ1KEP1QK1,1203.0
ID_16ZJ7XNWB9ES,884.0
ID_2NKYXQYFQQRX,401.95
ID_DDQYDSPF4BXY,1515.0
ID_1KBQ8Z8QZOL3,419.5
ID_GJO67I9XF6AK,521.0
ID_PCOF5INSVXM2,410.0
ID_W5GMROHJ01RZ,505.0
ID_WD6GCHMOFFZK,302.1
ID_GF3NQ1FP4MXO,1224.0
ID_FBQI3IPLIAAZ,265.0
ID_BKRCXGDJI2ZU,407.2
ID_WC5O6CA49JCT,273.3
ID_TC771F4NXFD3,798.0
ID_HQAI0KUSI7FX,678.0
ID_E22MKA5X1C38,382.2
ID_P4TXP8UNLQ5F,20.6
ID_7VFK2TR4EHCU,640.9
ID_XIMWJDO2J9S2,90.0
ID_1SFZQ86IVMCZ,1205.0
ID_XNSVNT862EIR,1480.0
ID_KEULJBL0QMMA,502.9
ID_GEAJ29CHENIM,412.5
ID_XDHNQQ1BMP4K,362.7
ID_ZG8Y74HTDSKI,85.0
ID_VUYOGM0KIABM,1170.0
ID_U4XH4UTLQ5EO,299.0
ID_M1TT1PZJYQX3,400.0
ID_DO1SCI0NAS39,708.6
ID_PP2CV6NRSO3K,257.1
ID_6F4A688829M0,1239.2
ID_67C7XJW5Z9AP,412.0
ID_G9GXUSA0IV0D,320.5
ID_0G0WQUKBXG47,307.0
ID_6EWF22XJX21H,834.0
ID_UIL7S6F6IKE8,318.0
ID_O55OOUDQOKBE,1848.0
ID_OKZW0FT04KAU,221.0
ID_5QCE458KP8MH,469.7
ID_K1MX59GNDLA3,837.5
ID_XEAANBI4M6MP,849.0
ID_7K7V374NL5QU,318.2
ID_Q73O4J7PYNLD,999.5
ID_8X79S7L9FWUS,352.0
ID_M97TRZBEVI0V,290.0
ID_U9TU5QRVSIKV,1439.0
ID_PQPZ0AVV5HTH,791.0
ID_1L6LU32N1HFC,155.5
ID_UBZ21YSSVE0A,1156.6
ID_TFXFZIX00RA7,1260.6
ID_32CMCT5XS364,370.0
ID_E95XC4DYH26Y,20.6
ID_S8ENYM45UWSC,1905.0
ID_PU514SH6TUVR,135.0
ID_RVEWUGCXQCNS,407.3
ID_BG6I25RU4JV3,3784.0
ID_RNDBVA4NU0LW,408.2
ID_H1GVVG7EF7WE,313.3
ID_4VG5G0IN38WK,121.0
ID_LI1DHO8DO7WH,256.6
ID_K9IUCGCTABHD,979.0
ID_COWCI2PI2LF9,99.5
ID_0QE8PUWQKHFZ,716.5
ID_MT3EUT7AX265,282.5
ID_T69R1A784TNY,1440.0
ID_N4FRZ8SPSN61,317.4
ID_DFIMHTLXA82W,885.0
ID_BI4VNVU7JAXF,3115.8
ID_6C9EUI1CKTQY,1284.8
ID_V7R0PZU27LD7,454.0
ID_NXHSZUCHTMO8,883.5
ID_PSSPKF9A2USI,670.0
ID_M9XZ0NNGCXJE,296.7
ID_3BJCEQIRMQTP,632.6
ID_EWS2TOD7IJZI,1285.0
ID_4N61JMVTUKQ5,282.2
ID_B5NBU4COPYXW,436.6
ID_ZS7CIFJ5G37Q,1766.0
ID_X4E6NMBKJLQT,82.0
ID_1OH68E5CL3NC,888.5
ID_DNSUBE5MRZR8,1321.5
ID_GHVXO83MCL6I,675.0
ID_CQ0FBB1L5EY3,355.5
ID_9PEPYSUTV8XP,694.0
ID_CH40371WNU45,374.0
ID_KREBTUJY9PUQ,340.0
ID_AH2DHFW5Y7VZ,595.0
ID_O2YSLD8B37UI,412.7
ID_CGJLQRDMQGPI,377.0
ID_ZIH4810LD2X4,455.0
ID_1GUQ67PJHO6G,174.0
ID_YO7NKY9DFON2,1580.0
ID_H8DG3XXT4R3S,433.0
ID_FD43UJOLYMFB,302.3
ID_BQ8JTW0GEMB4,594.0
ID_RA7TSCPF1HBL,522.0
ID_HMSUJ88077KV,267.0
ID_2K6CE567GZ7D,372.4
ID_J0UYQQWYJDJ3,683.5
ID_42YO171TPVHZ,907.5
ID_KMFDQQYDBS4X,970.5
ID_EKKF7GLOX3SD,378.0
ID_NA6TYX9PY21I,1081.8
ID_PA459A9AES6D,1731.0
ID_ZHJ35MUIKDGT,1246.5
ID_2KS148FT28VY,816.0
ID_ZP3Y1EOLD1XT,271.0
ID_M202WZ18JHLM,1191.5
ID_O3CUG423MY9H,3090.0
ID_JK4O5BTLDHTX,420.6
ID_69E0GNTDT1LF,4630.0
ID_RN3RLK50ETXN,995.0
ID_PJ3QBFDFCBUV,304.5
ID_WRU2ZQEZZA2A,1390.0
ID_261VC80CL904,353.5
ID_3PR5200O44QG,1290.0
ID_V315713I7M9M,1033.0
ID_WCBVJ74XU15K,984.0
ID_ZXT4WUZLCMVH,339.0
ID_GDU9BX84VUVE,4242.5
ID_5JB3YMBM4T6O,455.6
ID_KBAPVR46VC22,908.0
ID_4IXICKTIPPLU,725.0
ID_AM94QK241VPE,1720.0
ID_W12HOWGGSMS8,156.0
ID_Q1G32KADTS51,350.0
ID_V3JIA4P4668B,769.0
ID_Y86K83ZPC3T4,416.5
ID_K6M588093ONJ,480.0
ID_8QKXNKEAI8U8,74.0
ID_X7PUGW9NI1FI,344.3
ID_VTIQSDY0X1FD,416.5
ID_4VC1K7FA4J17,348.5
ID_3GCDF7RV12BF,1086.0
ID_PSLVQKNWEZ0N,294.0
ID_IGCX54TFOFX9,319.0
ID_1SZ0EPKMQJ3L,399.1
ID_RRLAI5EB891O,1498.5
ID_ATRY9VIAPNBP,329.3
ID_5LIP4CV5CHJ0,1015.0
ID_ONHO680NIUHR,607.3
ID_VTRB9ZYY4VI0,1532.0
ID_JAE3UP8KOYFO,269.0
ID_I02Z7U56HMOO,1547.0
ID_RFXD3G5UO06W,1730.0
ID_1SQXKIK51IGW,277.6
ID_T5UXJ5RC7PUZ,1685.5
ID_JM7G4MGZXPA4,1071.4
ID_6FF2BX4HPOG7,308.5
ID_8UTWWHXEL9R5,778.0
ID_3YJH7Z2OWJED,830.0
ID_4BVYTNKO9YLK,1210.0
ID_KNDRB17VJJHN,190.5
ID_PL3IRYM11FGQ,725.0
ID_33QXHWS7FFUE,731.2
ID_2J04B9UGSZMQ,853.0
ID_ZJV6QMH0E1S2,1150.0
ID_3SY7ARGY3QVX,2054.0
ID_KIAVLFCA0QAB,130.0
ID_Q4EJVPZEZXGI,598.0
ID_65605390LAS9,824.0
ID_Y104K9OC8UGE,595.0
ID_3K6WOEPF2FP8,811.0
ID_LS72BPM71SR7,389.0
ID_Y7TIOX2MBVN1,322.8
ID_JM80BY34TODO,390.0
ID_2WAZFPTIJ1OA,368.45
ID_T9YY5C8C1CBO,397.0
ID_UPRSY14003PO,311.3
ID_7XOLQOXF8MQB,348.2
ID_I32E35Q5PL6J,540.0
ID_22FO3O040DBN,600.0
ID_2UXKSAJOCCUC,1012.4
ID_5GUT0JCPY47C,1431.0
ID_LID7SSDMXCW6,59.0
ID_WCWCOJH95NFM,213.7
ID_4DWQ8EGOZF76,381.5
ID_SJE53PFBNDY4,602.0
ID_MUP7H5EUQUYW,1103.0
ID_2G8S8FICGX1F,693.0
ID_T6X2E4LGICKT,240.0
ID_2NBITHH2CMR2,886.0
ID_IXO2IO18FTPN,1199.0
ID_35RBHZZG2K9S,1000.8
ID_5X3KT9OXDOCL,1184.5
ID_EXX5T31QH9U4,1053.0
ID_LSZRIL56T47Z,1199.0
ID_5ALLBTPE63BZ,1258.5
ID_ZRT3VO9XJTOJ,385.0
ID_IVZNV00VK1WF,130.0
ID_STJDVR9FV5ZK,908.0
ID_MUL2I0PV3WXF,1076.3
ID_350HG62PKSV9,281.9
ID_CFU1OS0WRIF1,456.5
ID_E2X9RKRER7VN,453.4
ID_FAXPVHA3GBDX,828.0
ID_U20QSSM0WQCL,433.0
ID_8STN6IQK6GRH,20.6
ID_RRV0JV74KLEG,2452.0
ID_SV90TJDKZDBO,3110.0
ID_VG3DNKAC70DB,439.3
ID_N6VEVLWM0JUZ,576.0
ID_R6EAOP7SKH4P,1120.0
ID_WY1E27L1SF3F,627.0
ID_S6Y3EIMQPINY,398.5
ID_C6FGW58XYOOC,99.5
ID_66ZQIE06VO23,1018.8666666666666
ID_OQGZLQDASMAM,141.0
ID_O0VXS8F7E71M,318.9
ID_RYWO2W04NGOQ,1102.0
ID_UQJV4MFOR1M5,303.7
ID_4RF26BVNXYCE,1366.5
ID_97BLKV6Q0HEL,2689.0
ID_UBBEFJS5I0QH,137.0
ID_1O85NFRVJWEG,606.6
ID_IMHZWDBK0ADL,276.5
ID_YP71ZG5HZP4L,1047.0
ID_EQYXNVKPIZ8S,389.3
ID_IUMZ7HN2JIIN,1025.6
ID_TEYADZ461KBT,824.0
ID_WBKUDZP701N9,757.9
ID_QREVEZ4H807A,312.0
ID_1FI6VLAJHF5I,1294.2
ID_AGYQKZWO32LL,667.0
ID_2AWB54BA84ZT,406.2
ID_HT3K0J78M9RG,682.5
ID_1Y0O3Y0QYTJS,975.0
ID_ZKH62QGNMI1V,104.0
ID_BJVKX6P2LOVK,1221.5
ID_RJG2AH2AUIN8,312.0
ID_C1YRVYTDHBCI,414.5
ID_1TJKPVFP9B3X,298.0
ID_ENTHBKNB4R99,572.5
ID_TY66I8PV70BN,111.0
ID_6MMECMX3B728,1139.3
ID_GZ9YGWCLLMKN,416.0
ID_01YVA2LJVYBR,234.0
ID_YQRL2IOUU4SZ,411.2
ID_VAX2N8ELPEZE,351.2
